INSERT INTO book_store.address (address_id, street_name, street_number, city) VALUES (1, 'Beruti', 3340, 'Buenos aires');
INSERT INTO book_store.address (address_id, street_name, street_number, city) VALUES (2, 'Virasoro', 940, 'Buenos aires');
INSERT INTO book_store.address (address_id, street_name, street_number, city) VALUES (3, 'Coronel diaz', 54, 'Corrientes');
INSERT INTO book_store.address (address_id, street_name, street_number, city) VALUES (4, 'Azriel', 31, 'Quilmes');
INSERT INTO book_store.address (address_id, street_name, street_number, city) VALUES (5, 'Bulnes', 78, 'Mendoza');
INSERT INTO book_store.address (address_id, street_name, street_number, city) VALUES (6, 'Diaz velez', 5, 'Rio de janeiro');
INSERT INTO book_store.address (address_id, street_name, street_number, city) VALUES (7, 'Dizengoff', 12, 'Tel aviv');
INSERT INTO book_store.author (author_id, first_name, last_name) VALUES (1, 'John', 'Perez');
INSERT INTO book_store.author (author_id, first_name, last_name) VALUES (2, 'Charles', 'Perez');
INSERT INTO book_store.author (author_id, first_name, last_name) VALUES (3, 'John', 'Smith');
INSERT INTO book_store.author (author_id, first_name, last_name) VALUES (4, 'Jose', 'Chilavert');
INSERT INTO book_store.author (author_id, first_name, last_name) VALUES (5, 'Fernando', 'Cavenaghi');
INSERT INTO book_store.author (author_id, first_name, last_name) VALUES (6, 'Emilio', 'Diaz');
INSERT INTO book_store.author (author_id, first_name, last_name) VALUES (7, 'Pepe', 'Basualdo');
INSERT INTO book_store.author (author_id, first_name, last_name) VALUES (8, 'Mariano', 'Closs');
INSERT INTO book_store.author (author_id, first_name, last_name) VALUES (9, 'Diego', 'Latorre');
INSERT INTO book_store.author (author_id, first_name, last_name) VALUES (10, 'Gonzalo', 'Bonadeo');
INSERT INTO book_store.author (author_id, first_name, last_name) VALUES (11, 'German', 'Paoloski');
INSERT INTO book_store.book (book_id, book_name) VALUES (2, 'ESSKEETIT');
INSERT INTO book_store.book (book_id, book_name) VALUES (1, 'Harry potter');
INSERT INTO book_store.book (book_id, book_name) VALUES (9, 'Humble');
INSERT INTO book_store.book (book_id, book_name) VALUES (6, 'Jumpman');
INSERT INTO book_store.book (book_id, book_name) VALUES (10, 'Kings Dead');
INSERT INTO book_store.book (book_id, book_name) VALUES (4, 'Kream');
INSERT INTO book_store.book (book_id, book_name) VALUES (5, 'LOVE');
INSERT INTO book_store.book (book_id, book_name) VALUES (3, 'Mask Off');
INSERT INTO book_store.book (book_id, book_name) VALUES (8, 'Slippery');
INSERT INTO book_store.book (book_id, book_name) VALUES (7, 'X');
INSERT INTO book_store.book_author (book_author_id, author_id, book_id) VALUES (10, 1, 2);
INSERT INTO book_store.book_author (book_author_id, author_id, book_id) VALUES (11, 1, 3);
INSERT INTO book_store.book_author (book_author_id, author_id, book_id) VALUES (12, 1, 4);
INSERT INTO book_store.book_author (book_author_id, author_id, book_id) VALUES (1, 1, 5);
INSERT INTO book_store.book_author (book_author_id, author_id, book_id) VALUES (2, 2, 6);
INSERT INTO book_store.book_author (book_author_id, author_id, book_id) VALUES (3, 3, 7);
INSERT INTO book_store.book_author (book_author_id, author_id, book_id) VALUES (4, 4, 8);
INSERT INTO book_store.book_author (book_author_id, author_id, book_id) VALUES (5, 5, 9);
INSERT INTO book_store.book_author (book_author_id, author_id, book_id) VALUES (6, 6, 1);
INSERT INTO book_store.book_author (book_author_id, author_id, book_id) VALUES (7, 7, 1);
INSERT INTO book_store.book_author (book_author_id, author_id, book_id) VALUES (8, 8, 2);
INSERT INTO book_store.book_author (book_author_id, author_id, book_id) VALUES (9, 9, 2);
INSERT INTO book_store.book_copy (book_copy_id, original_price, profit, condition_id, editorial_book_id) VALUES (1, 15, 20, 1, 1);
INSERT INTO book_store.book_copy (book_copy_id, original_price, profit, condition_id, editorial_book_id) VALUES (2, 5, 15, 2, 2);
INSERT INTO book_store.book_copy (book_copy_id, original_price, profit, condition_id, editorial_book_id) VALUES (3, 16, 23, 3, 1);
INSERT INTO book_store.book_copy (book_copy_id, original_price, profit, condition_id, editorial_book_id) VALUES (4, 25, 22, 3, 1);
INSERT INTO book_store.book_copy (book_copy_id, original_price, profit, condition_id, editorial_book_id) VALUES (5, 15, 10, 1, 1);
INSERT INTO book_store.book_copy (book_copy_id, original_price, profit, condition_id, editorial_book_id) VALUES (6, 5, 30, 4, 9);
INSERT INTO book_store.book_copy (book_copy_id, original_price, profit, condition_id, editorial_book_id) VALUES (7, 15, 20, 1, 8);
INSERT INTO book_store.book_copy (book_copy_id, original_price, profit, condition_id, editorial_book_id) VALUES (8, 18, 13, 1, 8);
INSERT INTO book_store.book_copy (book_copy_id, original_price, profit, condition_id, editorial_book_id) VALUES (9, 8, 14, 2, 1);
INSERT INTO book_store.book_copy (book_copy_id, original_price, profit, condition_id, editorial_book_id) VALUES (10, 16, 23, 3, 1);
INSERT INTO book_store.book_copy (book_copy_id, original_price, profit, condition_id, editorial_book_id) VALUES (11, 25, 22, 3, 8);
INSERT INTO book_store.book_copy (book_copy_id, original_price, profit, condition_id, editorial_book_id) VALUES (12, 14, 10, 1, 1);
INSERT INTO book_store.book_copy (book_copy_id, original_price, profit, condition_id, editorial_book_id) VALUES (13, 5, 30, 4, 6);
INSERT INTO book_store.book_copy (book_copy_id, original_price, profit, condition_id, editorial_book_id) VALUES (14, 15, 13, 1, 7);
INSERT INTO book_store.book_copy (book_copy_id, original_price, profit, condition_id, editorial_book_id) VALUES (15, 15, 13, 1, 2);
INSERT INTO book_store.book_copy (book_copy_id, original_price, profit, condition_id, editorial_book_id) VALUES (16, 5, 15, 2, 5);
INSERT INTO book_store.book_copy (book_copy_id, original_price, profit, condition_id, editorial_book_id) VALUES (17, 16, 23, 3, 6);
INSERT INTO book_store.book_copy (book_copy_id, original_price, profit, condition_id, editorial_book_id) VALUES (18, 25, 22, 3, 1);
INSERT INTO book_store.book_copy (book_copy_id, original_price, profit, condition_id, editorial_book_id) VALUES (19, 15, 10, 1, 1);
INSERT INTO book_store.book_copy (book_copy_id, original_price, profit, condition_id, editorial_book_id) VALUES (20, 5, 30, 4, 4);
INSERT INTO book_store.book_copy (book_copy_id, original_price, profit, condition_id, editorial_book_id) VALUES (21, 15, 21, 1, 5);
INSERT INTO book_store.book_copy (book_copy_id, original_price, profit, condition_id, editorial_book_id) VALUES (22, 16, 23, 3, 1);
INSERT INTO book_store.book_copy (book_copy_id, original_price, profit, condition_id, editorial_book_id) VALUES (23, 25, 22, 3, 4);
INSERT INTO book_store.book_copy (book_copy_id, original_price, profit, condition_id, editorial_book_id) VALUES (24, 15, 10, 1, 3);
INSERT INTO book_store.book_copy (book_copy_id, original_price, profit, condition_id, editorial_book_id) VALUES (25, 5, 30, 4, 9);
INSERT INTO book_store.book_copy (book_copy_id, original_price, profit, condition_id, editorial_book_id) VALUES (26, 15, 21, 1, 7);
INSERT INTO book_store.book_copy (book_copy_id, original_price, profit, condition_id, editorial_book_id) VALUES (27, 15, 21, 1, 2);
INSERT INTO book_store.book_copy (book_copy_id, original_price, profit, condition_id, editorial_book_id) VALUES (28, 5, 15, 2, 4);
INSERT INTO book_store.book_copy (book_copy_id, original_price, profit, condition_id, editorial_book_id) VALUES (29, 16, 23, 3, 2);
INSERT INTO book_store.book_copy (book_copy_id, original_price, profit, condition_id, editorial_book_id) VALUES (30, 25, 22, 3, 1);
INSERT INTO book_store.book_copy (book_copy_id, original_price, profit, condition_id, editorial_book_id) VALUES (31, 15, 10, 1, 1);
INSERT INTO book_store.book_copy (book_copy_id, original_price, profit, condition_id, editorial_book_id) VALUES (32, 5, 30, 4, 1);
INSERT INTO book_store.book_copy (book_copy_id, original_price, profit, condition_id, editorial_book_id) VALUES (33, 15, 20, 1, 2);
INSERT INTO book_store.book_copy (book_copy_id, original_price, profit, condition_id, editorial_book_id) VALUES (34, 25, 22, 3, 10);
INSERT INTO book_store.book_copy (book_copy_id, original_price, profit, condition_id, editorial_book_id) VALUES (35, 15, 10, 1, 10);
INSERT INTO book_store.book_copy (book_copy_id, original_price, profit, condition_id, editorial_book_id) VALUES (36, 16, 23, 3, 11);
INSERT INTO book_store.book_copy (book_copy_id, original_price, profit, condition_id, editorial_book_id) VALUES (37, 25, 22, 3, 10);
INSERT INTO book_store.book_copy (book_copy_id, original_price, profit, condition_id, editorial_book_id) VALUES (38, 15, 10, 1, 10);
INSERT INTO book_store.book_copy (book_copy_id, original_price, profit, condition_id, editorial_book_id) VALUES (39, 5, 30, 4, 11);
INSERT INTO book_store.book_copy (book_copy_id, original_price, profit, condition_id, editorial_book_id) VALUES (40, 15, 21, 1, 11);
INSERT INTO book_store.book_copy (book_copy_id, original_price, profit, condition_id, editorial_book_id) VALUES (41, 15, 21, 1, 10);
INSERT INTO book_store.book_copy (book_copy_id, original_price, profit, condition_id, editorial_book_id) VALUES (42, 5, 15, 2, 11);
INSERT INTO book_store.book_copy (book_copy_id, original_price, profit, condition_id, editorial_book_id) VALUES (43, 16, 23, 3, 11);
INSERT INTO book_store.book_copy (book_copy_id, original_price, profit, condition_id, editorial_book_id) VALUES (44, 25, 22, 3, 11);
INSERT INTO book_store.book_copy (book_copy_id, original_price, profit, condition_id, editorial_book_id) VALUES (45, 15, 10, 1, 10);
INSERT INTO book_store.book_copy (book_copy_id, original_price, profit, condition_id, editorial_book_id) VALUES (46, 5, 30, 4, 11);
INSERT INTO book_store.book_copy (book_copy_id, original_price, profit, condition_id, editorial_book_id) VALUES (47, 15, 20, 1, 11);
INSERT INTO book_store.book_sale (book_sale_id, book_copy_id, sale_id) VALUES (1, 1, 1);
INSERT INTO book_store.book_sale (book_sale_id, book_copy_id, sale_id) VALUES (2, 2, 2);
INSERT INTO book_store.book_sale (book_sale_id, book_copy_id, sale_id) VALUES (3, 3, 3);
INSERT INTO book_store.book_sale (book_sale_id, book_copy_id, sale_id) VALUES (4, 4, 4);
INSERT INTO book_store.book_sale (book_sale_id, book_copy_id, sale_id) VALUES (5, 5, 5);
INSERT INTO book_store.book_sale (book_sale_id, book_copy_id, sale_id) VALUES (6, 6, 6);
INSERT INTO book_store.book_sale (book_sale_id, book_copy_id, sale_id) VALUES (7, 7, 7);
INSERT INTO book_store.book_sale (book_sale_id, book_copy_id, sale_id) VALUES (8, 8, 8);
INSERT INTO book_store.book_sale (book_sale_id, book_copy_id, sale_id) VALUES (9, 9, 9);
INSERT INTO book_store.book_sale (book_sale_id, book_copy_id, sale_id) VALUES (11, 11, 2);
INSERT INTO book_store.book_sale (book_sale_id, book_copy_id, sale_id) VALUES (12, 12, 9);
INSERT INTO book_store.book_sale (book_sale_id, book_copy_id, sale_id) VALUES (13, 13, 9);
INSERT INTO book_store.book_sale (book_sale_id, book_copy_id, sale_id) VALUES (10, 38, 1);
INSERT INTO book_store.book_sale_delivery (book_delivery_id, delivery_id, book_sale_id) VALUES (1, 1, 1);
INSERT INTO book_store.book_sale_delivery (book_delivery_id, delivery_id, book_sale_id) VALUES (10, 1, 10);
INSERT INTO book_store.book_sale_delivery (book_delivery_id, delivery_id, book_sale_id) VALUES (2, 2, 2);
INSERT INTO book_store.book_sale_delivery (book_delivery_id, delivery_id, book_sale_id) VALUES (3, 3, 3);
INSERT INTO book_store.book_sale_delivery (book_delivery_id, delivery_id, book_sale_id) VALUES (4, 4, 4);
INSERT INTO book_store.book_sale_delivery (book_delivery_id, delivery_id, book_sale_id) VALUES (5, 5, 5);
INSERT INTO book_store.book_sale_delivery (book_delivery_id, delivery_id, book_sale_id) VALUES (6, 6, 6);
INSERT INTO book_store.book_sale_delivery (book_delivery_id, delivery_id, book_sale_id) VALUES (7, 7, 7);
INSERT INTO book_store.book_sale_delivery (book_delivery_id, delivery_id, book_sale_id) VALUES (8, 8, 8);
INSERT INTO book_store.book_sale_delivery (book_delivery_id, delivery_id, book_sale_id) VALUES (9, 9, 9);
INSERT INTO book_store.book_storage (book_storage_id, book_copy_id, storage_id, start_date, end_date) VALUES (1, 1, 1, '2018-03-23', '2020-07-06');
INSERT INTO book_store.book_storage (book_storage_id, book_copy_id, storage_id, start_date, end_date) VALUES (2, 2, 1, '2020-01-03', '2020-01-03');
INSERT INTO book_store.book_storage (book_storage_id, book_copy_id, storage_id, start_date, end_date) VALUES (3, 3, 1, '1997-05-28', null);
INSERT INTO book_store.book_storage (book_storage_id, book_copy_id, storage_id, start_date, end_date) VALUES (4, 4, 1, '2015-12-13', null);
INSERT INTO book_store.book_storage (book_storage_id, book_copy_id, storage_id, start_date, end_date) VALUES (5, 5, 1, '2012-03-11', '2013-03-11');
INSERT INTO book_store.book_storage (book_storage_id, book_copy_id, storage_id, start_date, end_date) VALUES (6, 6, 1, '2019-12-01', null);
INSERT INTO book_store.book_storage (book_storage_id, book_copy_id, storage_id, start_date, end_date) VALUES (7, 7, 1, '2015-01-18', null);
INSERT INTO book_store.book_storage (book_storage_id, book_copy_id, storage_id, start_date, end_date) VALUES (8, 8, 1, '1994-12-01', null);
INSERT INTO book_store.book_storage (book_storage_id, book_copy_id, storage_id, start_date, end_date) VALUES (9, 9, 1, '2018-05-17', null);
INSERT INTO book_store.book_storage (book_storage_id, book_copy_id, storage_id, start_date, end_date) VALUES (10, 10, 2, '2004-05-29', '2005-05-14');
INSERT INTO book_store.book_storage (book_storage_id, book_copy_id, storage_id, start_date, end_date) VALUES (11, 11, 2, '2001-02-05', null);
INSERT INTO book_store.book_storage (book_storage_id, book_copy_id, storage_id, start_date, end_date) VALUES (12, 12, 2, '1999-01-25', '2001-06-22');
INSERT INTO book_store.book_storage (book_storage_id, book_copy_id, storage_id, start_date, end_date) VALUES (13, 13, 2, '1998-11-02', null);
INSERT INTO book_store.book_storage (book_storage_id, book_copy_id, storage_id, start_date, end_date) VALUES (14, 14, 2, '2003-10-17', null);
INSERT INTO book_store.book_storage (book_storage_id, book_copy_id, storage_id, start_date, end_date) VALUES (15, 15, 2, '2001-11-17', null);
INSERT INTO book_store.book_storage (book_storage_id, book_copy_id, storage_id, start_date, end_date) VALUES (16, 16, 2, '2004-10-24', null);
INSERT INTO book_store.book_storage (book_storage_id, book_copy_id, storage_id, start_date, end_date) VALUES (17, 17, 2, '1997-11-07', null);
INSERT INTO book_store.book_storage (book_storage_id, book_copy_id, storage_id, start_date, end_date) VALUES (18, 18, 2, '2008-12-31', null);
INSERT INTO book_store.book_storage (book_storage_id, book_copy_id, storage_id, start_date, end_date) VALUES (19, 19, 2, '2003-06-29', null);
INSERT INTO book_store.book_translation (book_translation_id, language_name, translator_id, book_id) VALUES (1, 'English', 1, 1);
INSERT INTO book_store.book_translation (book_translation_id, language_name, translator_id, book_id) VALUES (7, 'English', 1, 6);
INSERT INTO book_store.book_translation (book_translation_id, language_name, translator_id, book_id) VALUES (8, 'English', 2, 6);
INSERT INTO book_store.book_translation (book_translation_id, language_name, translator_id, book_id) VALUES (4, 'English', 4, 4);
INSERT INTO book_store.book_translation (book_translation_id, language_name, translator_id, book_id) VALUES (5, 'English', 5, 5);
INSERT INTO book_store.book_translation (book_translation_id, language_name, translator_id, book_id) VALUES (6, 'English', 6, 6);
INSERT INTO book_store.book_translation (book_translation_id, language_name, translator_id, book_id) VALUES (3, 'Portuguese', 3, 3);
INSERT INTO book_store.book_translation (book_translation_id, language_name, translator_id, book_id) VALUES (2, 'Spanish', 2, 2);
INSERT INTO book_store.calendar (dd) VALUES ('1997-12-01');
INSERT INTO book_store.calendar (dd) VALUES ('1998-01-01');
INSERT INTO book_store.calendar (dd) VALUES ('1998-02-01');
INSERT INTO book_store.calendar (dd) VALUES ('1998-03-01');
INSERT INTO book_store.calendar (dd) VALUES ('1998-04-01');
INSERT INTO book_store.calendar (dd) VALUES ('1998-05-01');
INSERT INTO book_store.calendar (dd) VALUES ('1998-06-01');
INSERT INTO book_store.calendar (dd) VALUES ('1998-07-01');
INSERT INTO book_store.calendar (dd) VALUES ('1998-08-01');
INSERT INTO book_store.calendar (dd) VALUES ('1998-09-01');
INSERT INTO book_store.calendar (dd) VALUES ('1998-10-01');
INSERT INTO book_store.calendar (dd) VALUES ('1998-11-01');
INSERT INTO book_store.calendar (dd) VALUES ('1998-12-01');
INSERT INTO book_store.calendar (dd) VALUES ('1999-01-01');
INSERT INTO book_store.calendar (dd) VALUES ('1999-02-01');
INSERT INTO book_store.calendar (dd) VALUES ('1999-03-01');
INSERT INTO book_store.calendar (dd) VALUES ('1999-04-01');
INSERT INTO book_store.calendar (dd) VALUES ('1999-05-01');
INSERT INTO book_store.calendar (dd) VALUES ('1999-06-01');
INSERT INTO book_store.calendar (dd) VALUES ('1999-07-01');
INSERT INTO book_store.calendar (dd) VALUES ('1999-08-01');
INSERT INTO book_store.calendar (dd) VALUES ('1999-09-01');
INSERT INTO book_store.calendar (dd) VALUES ('1999-10-01');
INSERT INTO book_store.calendar (dd) VALUES ('1999-11-01');
INSERT INTO book_store.calendar (dd) VALUES ('1999-12-01');
INSERT INTO book_store.calendar (dd) VALUES ('2000-01-01');
INSERT INTO book_store.calendar (dd) VALUES ('2000-02-01');
INSERT INTO book_store.calendar (dd) VALUES ('2000-03-01');
INSERT INTO book_store.calendar (dd) VALUES ('2000-04-01');
INSERT INTO book_store.calendar (dd) VALUES ('2000-05-01');
INSERT INTO book_store.calendar (dd) VALUES ('2000-06-01');
INSERT INTO book_store.calendar (dd) VALUES ('2000-07-01');
INSERT INTO book_store.calendar (dd) VALUES ('2000-08-01');
INSERT INTO book_store.calendar (dd) VALUES ('2000-09-01');
INSERT INTO book_store.calendar (dd) VALUES ('2000-10-01');
INSERT INTO book_store.calendar (dd) VALUES ('2000-11-01');
INSERT INTO book_store.calendar (dd) VALUES ('2000-12-01');
INSERT INTO book_store.calendar (dd) VALUES ('2001-01-01');
INSERT INTO book_store.calendar (dd) VALUES ('2001-02-01');
INSERT INTO book_store.calendar (dd) VALUES ('2001-03-01');
INSERT INTO book_store.calendar (dd) VALUES ('2001-04-01');
INSERT INTO book_store.calendar (dd) VALUES ('2001-05-01');
INSERT INTO book_store.calendar (dd) VALUES ('2001-06-01');
INSERT INTO book_store.calendar (dd) VALUES ('2001-07-01');
INSERT INTO book_store.calendar (dd) VALUES ('2001-08-01');
INSERT INTO book_store.calendar (dd) VALUES ('2001-09-01');
INSERT INTO book_store.calendar (dd) VALUES ('2001-10-01');
INSERT INTO book_store.calendar (dd) VALUES ('2001-11-01');
INSERT INTO book_store.calendar (dd) VALUES ('2001-12-01');
INSERT INTO book_store.calendar (dd) VALUES ('2002-01-01');
INSERT INTO book_store.calendar (dd) VALUES ('2002-02-01');
INSERT INTO book_store.calendar (dd) VALUES ('2002-03-01');
INSERT INTO book_store.calendar (dd) VALUES ('2002-04-01');
INSERT INTO book_store.calendar (dd) VALUES ('2002-05-01');
INSERT INTO book_store.calendar (dd) VALUES ('2002-06-01');
INSERT INTO book_store.calendar (dd) VALUES ('2002-07-01');
INSERT INTO book_store.calendar (dd) VALUES ('2002-08-01');
INSERT INTO book_store.calendar (dd) VALUES ('2002-09-01');
INSERT INTO book_store.calendar (dd) VALUES ('2002-10-01');
INSERT INTO book_store.calendar (dd) VALUES ('2002-11-01');
INSERT INTO book_store.calendar (dd) VALUES ('2002-12-01');
INSERT INTO book_store.calendar (dd) VALUES ('2003-01-01');
INSERT INTO book_store.calendar (dd) VALUES ('2003-02-01');
INSERT INTO book_store.calendar (dd) VALUES ('2003-03-01');
INSERT INTO book_store.calendar (dd) VALUES ('2003-04-01');
INSERT INTO book_store.calendar (dd) VALUES ('2003-05-01');
INSERT INTO book_store.calendar (dd) VALUES ('2003-06-01');
INSERT INTO book_store.calendar (dd) VALUES ('2003-07-01');
INSERT INTO book_store.calendar (dd) VALUES ('2003-08-01');
INSERT INTO book_store.calendar (dd) VALUES ('2003-09-01');
INSERT INTO book_store.calendar (dd) VALUES ('2003-10-01');
INSERT INTO book_store.calendar (dd) VALUES ('2003-11-01');
INSERT INTO book_store.calendar (dd) VALUES ('2003-12-01');
INSERT INTO book_store.calendar (dd) VALUES ('2004-01-01');
INSERT INTO book_store.calendar (dd) VALUES ('2004-02-01');
INSERT INTO book_store.calendar (dd) VALUES ('2004-03-01');
INSERT INTO book_store.calendar (dd) VALUES ('2004-04-01');
INSERT INTO book_store.calendar (dd) VALUES ('2004-05-01');
INSERT INTO book_store.calendar (dd) VALUES ('2004-06-01');
INSERT INTO book_store.calendar (dd) VALUES ('2004-07-01');
INSERT INTO book_store.calendar (dd) VALUES ('2004-08-01');
INSERT INTO book_store.calendar (dd) VALUES ('2004-09-01');
INSERT INTO book_store.calendar (dd) VALUES ('2004-10-01');
INSERT INTO book_store.calendar (dd) VALUES ('2004-11-01');
INSERT INTO book_store.calendar (dd) VALUES ('2004-12-01');
INSERT INTO book_store.calendar (dd) VALUES ('2005-01-01');
INSERT INTO book_store.calendar (dd) VALUES ('2005-02-01');
INSERT INTO book_store.calendar (dd) VALUES ('2005-03-01');
INSERT INTO book_store.calendar (dd) VALUES ('2005-04-01');
INSERT INTO book_store.calendar (dd) VALUES ('2005-05-01');
INSERT INTO book_store.calendar (dd) VALUES ('2005-06-01');
INSERT INTO book_store.calendar (dd) VALUES ('2005-07-01');
INSERT INTO book_store.calendar (dd) VALUES ('2005-08-01');
INSERT INTO book_store.calendar (dd) VALUES ('2005-09-01');
INSERT INTO book_store.calendar (dd) VALUES ('2005-10-01');
INSERT INTO book_store.calendar (dd) VALUES ('2005-11-01');
INSERT INTO book_store.calendar (dd) VALUES ('2005-12-01');
INSERT INTO book_store.calendar (dd) VALUES ('2006-01-01');
INSERT INTO book_store.calendar (dd) VALUES ('2006-02-01');
INSERT INTO book_store.calendar (dd) VALUES ('2006-03-01');
INSERT INTO book_store.calendar (dd) VALUES ('2006-04-01');
INSERT INTO book_store.calendar (dd) VALUES ('2006-05-01');
INSERT INTO book_store.calendar (dd) VALUES ('2006-06-01');
INSERT INTO book_store.calendar (dd) VALUES ('2006-07-01');
INSERT INTO book_store.calendar (dd) VALUES ('2006-08-01');
INSERT INTO book_store.calendar (dd) VALUES ('2006-09-01');
INSERT INTO book_store.calendar (dd) VALUES ('2006-10-01');
INSERT INTO book_store.calendar (dd) VALUES ('2006-11-01');
INSERT INTO book_store.calendar (dd) VALUES ('2006-12-01');
INSERT INTO book_store.calendar (dd) VALUES ('2007-01-01');
INSERT INTO book_store.calendar (dd) VALUES ('2007-02-01');
INSERT INTO book_store.calendar (dd) VALUES ('2007-03-01');
INSERT INTO book_store.calendar (dd) VALUES ('2007-04-01');
INSERT INTO book_store.calendar (dd) VALUES ('2007-05-01');
INSERT INTO book_store.calendar (dd) VALUES ('2007-06-01');
INSERT INTO book_store.calendar (dd) VALUES ('2007-07-01');
INSERT INTO book_store.calendar (dd) VALUES ('2007-08-01');
INSERT INTO book_store.calendar (dd) VALUES ('2007-09-01');
INSERT INTO book_store.calendar (dd) VALUES ('2007-10-01');
INSERT INTO book_store.calendar (dd) VALUES ('2007-11-01');
INSERT INTO book_store.calendar (dd) VALUES ('2007-12-01');
INSERT INTO book_store.calendar (dd) VALUES ('2008-01-01');
INSERT INTO book_store.calendar (dd) VALUES ('2008-02-01');
INSERT INTO book_store.calendar (dd) VALUES ('2008-03-01');
INSERT INTO book_store.calendar (dd) VALUES ('2008-04-01');
INSERT INTO book_store.calendar (dd) VALUES ('2008-05-01');
INSERT INTO book_store.calendar (dd) VALUES ('2008-06-01');
INSERT INTO book_store.calendar (dd) VALUES ('2008-07-01');
INSERT INTO book_store.calendar (dd) VALUES ('2008-08-01');
INSERT INTO book_store.calendar (dd) VALUES ('2008-09-01');
INSERT INTO book_store.calendar (dd) VALUES ('2008-10-01');
INSERT INTO book_store.calendar (dd) VALUES ('2008-11-01');
INSERT INTO book_store.calendar (dd) VALUES ('2008-12-01');
INSERT INTO book_store.calendar (dd) VALUES ('2009-01-01');
INSERT INTO book_store.calendar (dd) VALUES ('2009-02-01');
INSERT INTO book_store.calendar (dd) VALUES ('2009-03-01');
INSERT INTO book_store.calendar (dd) VALUES ('2009-04-01');
INSERT INTO book_store.calendar (dd) VALUES ('2009-05-01');
INSERT INTO book_store.calendar (dd) VALUES ('2009-06-01');
INSERT INTO book_store.calendar (dd) VALUES ('2009-07-01');
INSERT INTO book_store.calendar (dd) VALUES ('2009-08-01');
INSERT INTO book_store.calendar (dd) VALUES ('2009-09-01');
INSERT INTO book_store.calendar (dd) VALUES ('2009-10-01');
INSERT INTO book_store.calendar (dd) VALUES ('2009-11-01');
INSERT INTO book_store.calendar (dd) VALUES ('2009-12-01');
INSERT INTO book_store.calendar (dd) VALUES ('2010-01-01');
INSERT INTO book_store.calendar (dd) VALUES ('2010-02-01');
INSERT INTO book_store.calendar (dd) VALUES ('2010-03-01');
INSERT INTO book_store.calendar (dd) VALUES ('2010-04-01');
INSERT INTO book_store.calendar (dd) VALUES ('2010-05-01');
INSERT INTO book_store.calendar (dd) VALUES ('2010-06-01');
INSERT INTO book_store.calendar (dd) VALUES ('2010-07-01');
INSERT INTO book_store.calendar (dd) VALUES ('2010-08-01');
INSERT INTO book_store.calendar (dd) VALUES ('2010-09-01');
INSERT INTO book_store.calendar (dd) VALUES ('2010-10-01');
INSERT INTO book_store.calendar (dd) VALUES ('2010-11-01');
INSERT INTO book_store.calendar (dd) VALUES ('2010-12-01');
INSERT INTO book_store.calendar (dd) VALUES ('2011-01-01');
INSERT INTO book_store.calendar (dd) VALUES ('2011-02-01');
INSERT INTO book_store.calendar (dd) VALUES ('2011-03-01');
INSERT INTO book_store.calendar (dd) VALUES ('2011-04-01');
INSERT INTO book_store.calendar (dd) VALUES ('2011-05-01');
INSERT INTO book_store.calendar (dd) VALUES ('2011-06-01');
INSERT INTO book_store.calendar (dd) VALUES ('2011-07-01');
INSERT INTO book_store.calendar (dd) VALUES ('2011-08-01');
INSERT INTO book_store.calendar (dd) VALUES ('2011-09-01');
INSERT INTO book_store.calendar (dd) VALUES ('2011-10-01');
INSERT INTO book_store.calendar (dd) VALUES ('2011-11-01');
INSERT INTO book_store.calendar (dd) VALUES ('2011-12-01');
INSERT INTO book_store.calendar (dd) VALUES ('2012-01-01');
INSERT INTO book_store.calendar (dd) VALUES ('2012-02-01');
INSERT INTO book_store.calendar (dd) VALUES ('2012-03-01');
INSERT INTO book_store.calendar (dd) VALUES ('2012-04-01');
INSERT INTO book_store.calendar (dd) VALUES ('2012-05-01');
INSERT INTO book_store.calendar (dd) VALUES ('2012-06-01');
INSERT INTO book_store.calendar (dd) VALUES ('2012-07-01');
INSERT INTO book_store.calendar (dd) VALUES ('2012-08-01');
INSERT INTO book_store.calendar (dd) VALUES ('2012-09-01');
INSERT INTO book_store.calendar (dd) VALUES ('2012-10-01');
INSERT INTO book_store.calendar (dd) VALUES ('2012-11-01');
INSERT INTO book_store.calendar (dd) VALUES ('2012-12-01');
INSERT INTO book_store.calendar (dd) VALUES ('2013-01-01');
INSERT INTO book_store.calendar (dd) VALUES ('2013-02-01');
INSERT INTO book_store.calendar (dd) VALUES ('2013-03-01');
INSERT INTO book_store.calendar (dd) VALUES ('2013-04-01');
INSERT INTO book_store.calendar (dd) VALUES ('2013-05-01');
INSERT INTO book_store.calendar (dd) VALUES ('2013-06-01');
INSERT INTO book_store.calendar (dd) VALUES ('2013-07-01');
INSERT INTO book_store.calendar (dd) VALUES ('2013-08-01');
INSERT INTO book_store.calendar (dd) VALUES ('2013-09-01');
INSERT INTO book_store.calendar (dd) VALUES ('2013-10-01');
INSERT INTO book_store.calendar (dd) VALUES ('2013-11-01');
INSERT INTO book_store.calendar (dd) VALUES ('2013-12-01');
INSERT INTO book_store.calendar (dd) VALUES ('2014-01-01');
INSERT INTO book_store.calendar (dd) VALUES ('2014-02-01');
INSERT INTO book_store.calendar (dd) VALUES ('2014-03-01');
INSERT INTO book_store.calendar (dd) VALUES ('2014-04-01');
INSERT INTO book_store.calendar (dd) VALUES ('2014-05-01');
INSERT INTO book_store.calendar (dd) VALUES ('2014-06-01');
INSERT INTO book_store.calendar (dd) VALUES ('2014-07-01');
INSERT INTO book_store.calendar (dd) VALUES ('2014-08-01');
INSERT INTO book_store.calendar (dd) VALUES ('2014-09-01');
INSERT INTO book_store.calendar (dd) VALUES ('2014-10-01');
INSERT INTO book_store.calendar (dd) VALUES ('2014-11-01');
INSERT INTO book_store.calendar (dd) VALUES ('2014-12-01');
INSERT INTO book_store.calendar (dd) VALUES ('2015-01-01');
INSERT INTO book_store.calendar (dd) VALUES ('2015-02-01');
INSERT INTO book_store.calendar (dd) VALUES ('2015-03-01');
INSERT INTO book_store.calendar (dd) VALUES ('2015-04-01');
INSERT INTO book_store.calendar (dd) VALUES ('2015-05-01');
INSERT INTO book_store.calendar (dd) VALUES ('2015-06-01');
INSERT INTO book_store.calendar (dd) VALUES ('2015-07-01');
INSERT INTO book_store.calendar (dd) VALUES ('2015-08-01');
INSERT INTO book_store.calendar (dd) VALUES ('2015-09-01');
INSERT INTO book_store.calendar (dd) VALUES ('2015-10-01');
INSERT INTO book_store.calendar (dd) VALUES ('2015-11-01');
INSERT INTO book_store.calendar (dd) VALUES ('2015-12-01');
INSERT INTO book_store.calendar (dd) VALUES ('2016-01-01');
INSERT INTO book_store.calendar (dd) VALUES ('2016-02-01');
INSERT INTO book_store.calendar (dd) VALUES ('2016-03-01');
INSERT INTO book_store.calendar (dd) VALUES ('2016-04-01');
INSERT INTO book_store.calendar (dd) VALUES ('2016-05-01');
INSERT INTO book_store.calendar (dd) VALUES ('2016-06-01');
INSERT INTO book_store.calendar (dd) VALUES ('2016-07-01');
INSERT INTO book_store.calendar (dd) VALUES ('2016-08-01');
INSERT INTO book_store.calendar (dd) VALUES ('2016-09-01');
INSERT INTO book_store.calendar (dd) VALUES ('2016-10-01');
INSERT INTO book_store.calendar (dd) VALUES ('2016-11-01');
INSERT INTO book_store.calendar (dd) VALUES ('2016-12-01');
INSERT INTO book_store.calendar (dd) VALUES ('2017-01-01');
INSERT INTO book_store.calendar (dd) VALUES ('2017-02-01');
INSERT INTO book_store.calendar (dd) VALUES ('2017-03-01');
INSERT INTO book_store.calendar (dd) VALUES ('2017-04-01');
INSERT INTO book_store.calendar (dd) VALUES ('2017-05-01');
INSERT INTO book_store.calendar (dd) VALUES ('2017-06-01');
INSERT INTO book_store.calendar (dd) VALUES ('2017-07-01');
INSERT INTO book_store.calendar (dd) VALUES ('2017-08-01');
INSERT INTO book_store.calendar (dd) VALUES ('2017-09-01');
INSERT INTO book_store.calendar (dd) VALUES ('2017-10-01');
INSERT INTO book_store.calendar (dd) VALUES ('2017-11-01');
INSERT INTO book_store.calendar (dd) VALUES ('2017-12-01');
INSERT INTO book_store.calendar (dd) VALUES ('2018-01-01');
INSERT INTO book_store.calendar (dd) VALUES ('2018-02-01');
INSERT INTO book_store.calendar (dd) VALUES ('2018-03-01');
INSERT INTO book_store.calendar (dd) VALUES ('2018-04-01');
INSERT INTO book_store.calendar (dd) VALUES ('2018-05-01');
INSERT INTO book_store.calendar (dd) VALUES ('2018-06-01');
INSERT INTO book_store.calendar (dd) VALUES ('2018-07-01');
INSERT INTO book_store.calendar (dd) VALUES ('2018-08-01');
INSERT INTO book_store.calendar (dd) VALUES ('2018-09-01');
INSERT INTO book_store.calendar (dd) VALUES ('2018-10-01');
INSERT INTO book_store.calendar (dd) VALUES ('2018-11-01');
INSERT INTO book_store.calendar (dd) VALUES ('2018-12-01');
INSERT INTO book_store.calendar (dd) VALUES ('2019-01-01');
INSERT INTO book_store.calendar (dd) VALUES ('2019-02-01');
INSERT INTO book_store.calendar (dd) VALUES ('2019-03-01');
INSERT INTO book_store.calendar (dd) VALUES ('2019-04-01');
INSERT INTO book_store.calendar (dd) VALUES ('2019-05-01');
INSERT INTO book_store.calendar (dd) VALUES ('2019-06-01');
INSERT INTO book_store.calendar (dd) VALUES ('2019-07-01');
INSERT INTO book_store.calendar (dd) VALUES ('2019-08-01');
INSERT INTO book_store.calendar (dd) VALUES ('2019-09-01');
INSERT INTO book_store.calendar (dd) VALUES ('2019-10-01');
INSERT INTO book_store.calendar (dd) VALUES ('2019-11-01');
INSERT INTO book_store.calendar (dd) VALUES ('2019-12-01');
INSERT INTO book_store.calendar (dd) VALUES ('2020-01-01');
INSERT INTO book_store.calendar (dd) VALUES ('2020-02-01');
INSERT INTO book_store.calendar (dd) VALUES ('2020-03-01');
INSERT INTO book_store.calendar (dd) VALUES ('2020-04-01');
INSERT INTO book_store.calendar (dd) VALUES ('2020-05-01');
INSERT INTO book_store.calendar (dd) VALUES ('2020-06-01');
INSERT INTO book_store.calendar (dd) VALUES ('2020-07-01');
INSERT INTO book_store.calendar (dd) VALUES ('2020-08-01');
INSERT INTO book_store.ccondition (condition_id, condition_name) VALUES (4, 'Bad');
INSERT INTO book_store.ccondition (condition_id, condition_name) VALUES (3, 'Like new');
INSERT INTO book_store.ccondition (condition_id, condition_name) VALUES (1, 'New');
INSERT INTO book_store.ccondition (condition_id, condition_name) VALUES (2, 'Used');
INSERT INTO book_store.client (client_id, first_name, last_name, phone_number, mobile_number, created_date) VALUES (1, 'Pepe', 'Buljubasich', '7755550127', '2025550183', '2005-03-06');
INSERT INTO book_store.client (client_id, first_name, last_name, phone_number, mobile_number, created_date) VALUES (2, 'Marcelo', 'Gallardo', '7755550139', '2025550198', '2019-07-28');
INSERT INTO book_store.client (client_id, first_name, last_name, phone_number, mobile_number, created_date) VALUES (3, 'Martiniano', 'Molina', '7755550137', '2025550134', '1994-07-13');
INSERT INTO book_store.client (client_id, first_name, last_name, phone_number, mobile_number, created_date) VALUES (4, 'German', 'Lux', '7755550118', '2025550185', '2018-09-04');
INSERT INTO book_store.client (client_id, first_name, last_name, phone_number, mobile_number, created_date) VALUES (5, 'Pity', 'Martinez', '7755550180', '2025550119', '2007-01-29');
INSERT INTO book_store.client (client_id, first_name, last_name, phone_number, mobile_number, created_date) VALUES (6, 'Juanfer', 'Quintero', '7755550153', '2025550166', '2013-07-18');
INSERT INTO book_store.client (client_id, first_name, last_name, phone_number, mobile_number, created_date) VALUES (7, 'Rafael', 'Borre', '7755550160', '2025550121', '1998-07-13');
INSERT INTO book_store.client (client_id, first_name, last_name, phone_number, mobile_number, created_date) VALUES (8, 'Franco', 'Armani', '7755550168', '2025550144', '2013-08-01');
INSERT INTO book_store.client (client_id, first_name, last_name, phone_number, mobile_number, created_date) VALUES (9, 'Lucas', 'Pratto', '7755550106', '2025550171', '1996-12-25');
INSERT INTO book_store.client (client_id, first_name, last_name, phone_number, mobile_number, created_date) VALUES (10, 'Nacho', 'Fernandez', '7755550169', '2025550135', '2005-09-23');
INSERT INTO book_store.client (client_id, first_name, last_name, phone_number, mobile_number, created_date) VALUES (11, 'Leo', 'Ponzio', '7755550194', '2025550149', '2017-02-09');
INSERT INTO book_store.client (client_id, first_name, last_name, phone_number, mobile_number, created_date) VALUES (12, 'Gonzalo', 'Montiel', '7755550102', '2025550107', '2020-05-29');
INSERT INTO book_store.communication (communication_id, order_id, created_date) VALUES (1, 1, '2020-07-01');
INSERT INTO book_store.communication (communication_id, order_id, created_date) VALUES (2, 2, '2020-07-05');
INSERT INTO book_store.communication (communication_id, order_id, created_date) VALUES (3, 3, '2020-05-07');
INSERT INTO book_store.communication (communication_id, order_id, created_date) VALUES (4, 4, '2020-07-28');
INSERT INTO book_store.communication (communication_id, order_id, created_date) VALUES (5, 5, '2020-07-28');
INSERT INTO book_store.communication (communication_id, order_id, created_date) VALUES (6, 6, '2016-03-05');
INSERT INTO book_store.delivery (delivery_id, tracking_number, delivery_type_id, delivery_status_id) VALUES (1, '2e797386-d1b4-11ea-bcfb-447066ae380e', 1, 1);
INSERT INTO book_store.delivery (delivery_id, tracking_number, delivery_type_id, delivery_status_id) VALUES (2, '2e7b930a-d1b4-11ea-bcfb-447066ae380e', 2, 2);
INSERT INTO book_store.delivery (delivery_id, tracking_number, delivery_type_id, delivery_status_id) VALUES (3, '2e7cddf0-d1b4-11ea-bcfb-447066ae380e', 3, 3);
INSERT INTO book_store.delivery (delivery_id, tracking_number, delivery_type_id, delivery_status_id) VALUES (4, '2e7dd354-d1b4-11ea-bcfb-447066ae380e', 4, 4);
INSERT INTO book_store.delivery (delivery_id, tracking_number, delivery_type_id, delivery_status_id) VALUES (5, '2e7ff292-d1b4-11ea-bcfb-447066ae380e', 1, 1);
INSERT INTO book_store.delivery (delivery_id, tracking_number, delivery_type_id, delivery_status_id) VALUES (6, '2e81950c-d1b4-11ea-bcfb-447066ae380e', 5, 2);
INSERT INTO book_store.delivery (delivery_id, tracking_number, delivery_type_id, delivery_status_id) VALUES (7, '2e82ad84-d1b4-11ea-bcfb-447066ae380e', 2, 3);
INSERT INTO book_store.delivery (delivery_id, tracking_number, delivery_type_id, delivery_status_id) VALUES (8, '2e83c0ac-d1b4-11ea-bcfb-447066ae380e', 4, 4);
INSERT INTO book_store.delivery (delivery_id, tracking_number, delivery_type_id, delivery_status_id) VALUES (9, '2e86c0f4-d1b4-11ea-bcfb-447066ae380e', 1, 2);
INSERT INTO book_store.delivery (delivery_id, tracking_number, delivery_type_id, delivery_status_id) VALUES (10, '2e87e132-d1b4-11ea-bcfb-447066ae380e', 4, 1);
INSERT INTO book_store.delivery_status (delivery_status_id, delivery_status_name) VALUES (4, 'Delivered');
INSERT INTO book_store.delivery_status (delivery_status_id, delivery_status_name) VALUES (1, 'Preparation');
INSERT INTO book_store.delivery_status (delivery_status_id, delivery_status_name) VALUES (2, 'Sent');
INSERT INTO book_store.delivery_status (delivery_status_id, delivery_status_name) VALUES (3, 'Waiting for pick up');
INSERT INTO book_store.delivery_type (delivery_type_id, delivery_name, company_name, price_per_kilo) VALUES (1, 'Registered mail', 'Israel mail', 100);
INSERT INTO book_store.delivery_type (delivery_type_id, delivery_name, company_name, price_per_kilo) VALUES (2, 'Regular mail', 'Israel mail', 50);
INSERT INTO book_store.delivery_type (delivery_type_id, delivery_name, company_name, price_per_kilo) VALUES (3, 'Fast mail', 'Israel mail', 150);
INSERT INTO book_store.delivery_type (delivery_type_id, delivery_name, company_name, price_per_kilo) VALUES (4, 'Pick up', 'XPress', 10);
INSERT INTO book_store.delivery_type (delivery_type_id, delivery_name, company_name, price_per_kilo) VALUES (5, 'Door to door', 'XPress', 200);
INSERT INTO book_store.editorial_book (editorial_book_id, book_id, publication_year, weight, amount_pages) VALUES (10, 1, 1999, 0.3, 110);
INSERT INTO book_store.editorial_book (editorial_book_id, book_id, publication_year, weight, amount_pages) VALUES (1, 1, 2010, 0.1, 200);
INSERT INTO book_store.editorial_book (editorial_book_id, book_id, publication_year, weight, amount_pages) VALUES (11, 2, 1999, 0.2, 200);
INSERT INTO book_store.editorial_book (editorial_book_id, book_id, publication_year, weight, amount_pages) VALUES (2, 2, 2010, 1.5, 100);
INSERT INTO book_store.editorial_book (editorial_book_id, book_id, publication_year, weight, amount_pages) VALUES (12, 3, 1999, 0.3, 130);
INSERT INTO book_store.editorial_book (editorial_book_id, book_id, publication_year, weight, amount_pages) VALUES (3, 3, 2011, 1, 300);
INSERT INTO book_store.editorial_book (editorial_book_id, book_id, publication_year, weight, amount_pages) VALUES (13, 4, 1999, 0.5, 200);
INSERT INTO book_store.editorial_book (editorial_book_id, book_id, publication_year, weight, amount_pages) VALUES (4, 4, 2012, 0.3, 200);
INSERT INTO book_store.editorial_book (editorial_book_id, book_id, publication_year, weight, amount_pages) VALUES (14, 5, 1999, 0.3, 140);
INSERT INTO book_store.editorial_book (editorial_book_id, book_id, publication_year, weight, amount_pages) VALUES (5, 5, 2003, 0.7, 111);
INSERT INTO book_store.editorial_book (editorial_book_id, book_id, publication_year, weight, amount_pages) VALUES (15, 6, 1999, 0.3, 200);
INSERT INTO book_store.editorial_book (editorial_book_id, book_id, publication_year, weight, amount_pages) VALUES (6, 6, 2004, 0.6, 100);
INSERT INTO book_store.editorial_book (editorial_book_id, book_id, publication_year, weight, amount_pages) VALUES (7, 7, 2005, 0.6, 900);
INSERT INTO book_store.editorial_book (editorial_book_id, book_id, publication_year, weight, amount_pages) VALUES (8, 8, 2006, 0.8, 200);
INSERT INTO book_store.editorial_book (editorial_book_id, book_id, publication_year, weight, amount_pages) VALUES (9, 9, 2007, 0.9, 150);
INSERT INTO book_store.employee (employee_id, first_name, last_name, address_id, mobile_number) VALUES (1, 'Pepe', 'Montiel', 1, '6035550189');
INSERT INTO book_store.employee (employee_id, first_name, last_name, address_id, mobile_number) VALUES (2, 'Pipi', 'Romagnoli', 2, '6035550146');
INSERT INTO book_store.employee (employee_id, first_name, last_name, address_id, mobile_number) VALUES (3, 'Pipi', 'Lux', 3, '6035550131');
INSERT INTO book_store.employee (employee_id, first_name, last_name, address_id, mobile_number) VALUES (4, 'Marcelo', 'Molina', 4, '6035550141');
INSERT INTO book_store.employee (employee_id, first_name, last_name, address_id, mobile_number) VALUES (5, 'Martiniano', 'Lux', 5, '6035550166');
INSERT INTO book_store.employee (employee_id, first_name, last_name, address_id, mobile_number) VALUES (6, 'German', 'Borre', 5, '6035550151');
INSERT INTO book_store.employee (employee_id, first_name, last_name, address_id, mobile_number) VALUES (7, 'Pity', 'Quintero', 6, '6035550130');
INSERT INTO book_store.employee (employee_id, first_name, last_name, address_id, mobile_number) VALUES (8, 'Juanfer', 'Borre', 7, '6035550120');
INSERT INTO book_store.employee (employee_id, first_name, last_name, address_id, mobile_number) VALUES (9, 'Rafael', 'Fernandez', 1, '6035550181');
INSERT INTO book_store.employee (employee_id, first_name, last_name, address_id, mobile_number) VALUES (10, 'Franco', 'Pratto', 2, '6035550123');
INSERT INTO book_store.employee (employee_id, first_name, last_name, address_id, mobile_number) VALUES (11, 'Lucas', 'Fernandez', 4, '6035550104');
INSERT INTO book_store.employee (employee_id, first_name, last_name, address_id, mobile_number) VALUES (12, 'Nacho', 'Ponzio', 5, '6035550152');
INSERT INTO book_store.employee (employee_id, first_name, last_name, address_id, mobile_number) VALUES (13, 'Leo', 'Montiel', 7, '6035550153');
INSERT INTO book_store.employee_history (employee_history_id, employee_id, hourly_salary, start_date, end_date) VALUES (1, 1, 44, '1993-09-03', null);
INSERT INTO book_store.employee_history (employee_history_id, employee_id, hourly_salary, start_date, end_date) VALUES (2, 2, 30, '1994-07-03', null);
INSERT INTO book_store.employee_history (employee_history_id, employee_id, hourly_salary, start_date, end_date) VALUES (3, 3, 30, '1998-04-19', null);
INSERT INTO book_store.employee_history (employee_history_id, employee_id, hourly_salary, start_date, end_date) VALUES (4, 4, 29, '2014-10-13', null);
INSERT INTO book_store.employee_history (employee_history_id, employee_id, hourly_salary, start_date, end_date) VALUES (5, 5, 33, '2003-09-06', null);
INSERT INTO book_store.employee_history (employee_history_id, employee_id, hourly_salary, start_date, end_date) VALUES (6, 6, 30, '2008-03-25', null);
INSERT INTO book_store.employee_history (employee_history_id, employee_id, hourly_salary, start_date, end_date) VALUES (7, 7, 67, '2009-07-18', null);
INSERT INTO book_store.employee_history (employee_history_id, employee_id, hourly_salary, start_date, end_date) VALUES (8, 8, 50, '2002-06-14', null);
INSERT INTO book_store.employee_history (employee_history_id, employee_id, hourly_salary, start_date, end_date) VALUES (9, 9, 53, '2017-10-20', null);
INSERT INTO book_store.employee_history (employee_history_id, employee_id, hourly_salary, start_date, end_date) VALUES (10, 10, 45, '2006-04-27', null);
INSERT INTO book_store.employee_history (employee_history_id, employee_id, hourly_salary, start_date, end_date) VALUES (11, 11, 100, '2012-05-15', null);
INSERT INTO book_store.employee_history (employee_history_id, employee_id, hourly_salary, start_date, end_date) VALUES (12, 12, 80, '1994-12-08', null);
INSERT INTO book_store.employee_history (employee_history_id, employee_id, hourly_salary, start_date, end_date) VALUES (13, 13, 70, '1999-02-16', null);
INSERT INTO book_store.employee_schedule (employee_schedule_id, employee_id, month_id, year_id, hours_count) VALUES (1, 1, 1, 2020, 30);
INSERT INTO book_store.employee_schedule (employee_schedule_id, employee_id, month_id, year_id, hours_count) VALUES (2, 2, 1, 2020, 31);
INSERT INTO book_store.employee_schedule (employee_schedule_id, employee_id, month_id, year_id, hours_count) VALUES (3, 3, 1, 2020, 32);
INSERT INTO book_store.employee_schedule (employee_schedule_id, employee_id, month_id, year_id, hours_count) VALUES (4, 4, 1, 2020, 33);
INSERT INTO book_store.employee_schedule (employee_schedule_id, employee_id, month_id, year_id, hours_count) VALUES (5, 5, 1, 2020, 34);
INSERT INTO book_store.employee_schedule (employee_schedule_id, employee_id, month_id, year_id, hours_count) VALUES (6, 6, 1, 2020, 35);
INSERT INTO book_store.employee_schedule (employee_schedule_id, employee_id, month_id, year_id, hours_count) VALUES (7, 7, 1, 2020, 36);
INSERT INTO book_store.employee_schedule (employee_schedule_id, employee_id, month_id, year_id, hours_count) VALUES (8, 8, 1, 2020, 37);
INSERT INTO book_store.employee_schedule (employee_schedule_id, employee_id, month_id, year_id, hours_count) VALUES (9, 9, 1, 2020, 38);
INSERT INTO book_store.employee_schedule (employee_schedule_id, employee_id, month_id, year_id, hours_count) VALUES (10, 1, 2, 2020, 35);
INSERT INTO book_store.employee_schedule (employee_schedule_id, employee_id, month_id, year_id, hours_count) VALUES (11, 2, 2, 2020, 36);
INSERT INTO book_store.employee_schedule (employee_schedule_id, employee_id, month_id, year_id, hours_count) VALUES (12, 3, 2, 2020, 37);
INSERT INTO book_store.employee_schedule (employee_schedule_id, employee_id, month_id, year_id, hours_count) VALUES (13, 4, 2, 2020, 38);
INSERT INTO book_store.employee_schedule (employee_schedule_id, employee_id, month_id, year_id, hours_count) VALUES (14, 5, 2, 2020, 39);
INSERT INTO book_store.employee_schedule (employee_schedule_id, employee_id, month_id, year_id, hours_count) VALUES (15, 6, 2, 2020, 26);
INSERT INTO book_store.employee_schedule (employee_schedule_id, employee_id, month_id, year_id, hours_count) VALUES (16, 7, 2, 2020, 36);
INSERT INTO book_store.employee_schedule (employee_schedule_id, employee_id, month_id, year_id, hours_count) VALUES (17, 8, 2, 2020, 37);
INSERT INTO book_store.employee_schedule (employee_schedule_id, employee_id, month_id, year_id, hours_count) VALUES (18, 9, 2, 2020, 38);
INSERT INTO book_store.employee_schedule (employee_schedule_id, employee_id, month_id, year_id, hours_count) VALUES (19, 1, 3, 2020, 37);
INSERT INTO book_store.employee_schedule (employee_schedule_id, employee_id, month_id, year_id, hours_count) VALUES (20, 2, 3, 2020, 38);
INSERT INTO book_store.employee_schedule (employee_schedule_id, employee_id, month_id, year_id, hours_count) VALUES (21, 3, 3, 2020, 39);
INSERT INTO book_store.employee_schedule (employee_schedule_id, employee_id, month_id, year_id, hours_count) VALUES (22, 4, 3, 2020, 26);
INSERT INTO book_store.employee_schedule (employee_schedule_id, employee_id, month_id, year_id, hours_count) VALUES (23, 5, 3, 2020, 36);
INSERT INTO book_store.employee_schedule (employee_schedule_id, employee_id, month_id, year_id, hours_count) VALUES (24, 6, 3, 2020, 37);
INSERT INTO book_store.employee_schedule (employee_schedule_id, employee_id, month_id, year_id, hours_count) VALUES (25, 7, 3, 2020, 36);
INSERT INTO book_store.employee_schedule (employee_schedule_id, employee_id, month_id, year_id, hours_count) VALUES (26, 8, 3, 2020, 37);
INSERT INTO book_store.employee_schedule (employee_schedule_id, employee_id, month_id, year_id, hours_count) VALUES (27, 9, 3, 2020, 38);
INSERT INTO book_store.employee_schedule (employee_schedule_id, employee_id, month_id, year_id, hours_count) VALUES (28, 1, 4, 2020, 39);
INSERT INTO book_store.employee_schedule (employee_schedule_id, employee_id, month_id, year_id, hours_count) VALUES (29, 2, 4, 2020, 26);
INSERT INTO book_store.employee_schedule (employee_schedule_id, employee_id, month_id, year_id, hours_count) VALUES (30, 3, 4, 2020, 36);
INSERT INTO book_store.employee_schedule (employee_schedule_id, employee_id, month_id, year_id, hours_count) VALUES (31, 4, 4, 2020, 37);
INSERT INTO book_store.employee_schedule (employee_schedule_id, employee_id, month_id, year_id, hours_count) VALUES (32, 5, 4, 2020, 36);
INSERT INTO book_store.employee_schedule (employee_schedule_id, employee_id, month_id, year_id, hours_count) VALUES (33, 6, 4, 2020, 37);
INSERT INTO book_store.employee_schedule (employee_schedule_id, employee_id, month_id, year_id, hours_count) VALUES (34, 7, 4, 2020, 36);
INSERT INTO book_store.employee_schedule (employee_schedule_id, employee_id, month_id, year_id, hours_count) VALUES (35, 8, 4, 2020, 37);
INSERT INTO book_store.employee_schedule (employee_schedule_id, employee_id, month_id, year_id, hours_count) VALUES (36, 9, 4, 2020, 38);
INSERT INTO book_store.employee_schedule (employee_schedule_id, employee_id, month_id, year_id, hours_count) VALUES (37, 1, 5, 2020, 30);
INSERT INTO book_store.employee_schedule (employee_schedule_id, employee_id, month_id, year_id, hours_count) VALUES (38, 2, 5, 2020, 39);
INSERT INTO book_store.employee_schedule (employee_schedule_id, employee_id, month_id, year_id, hours_count) VALUES (39, 3, 5, 2020, 26);
INSERT INTO book_store.employee_schedule (employee_schedule_id, employee_id, month_id, year_id, hours_count) VALUES (40, 4, 5, 2020, 36);
INSERT INTO book_store.employee_schedule (employee_schedule_id, employee_id, month_id, year_id, hours_count) VALUES (41, 5, 5, 2020, 37);
INSERT INTO book_store.employee_schedule (employee_schedule_id, employee_id, month_id, year_id, hours_count) VALUES (42, 6, 5, 2020, 36);
INSERT INTO book_store.employee_schedule (employee_schedule_id, employee_id, month_id, year_id, hours_count) VALUES (43, 7, 5, 2020, 37);
INSERT INTO book_store.employee_schedule (employee_schedule_id, employee_id, month_id, year_id, hours_count) VALUES (44, 8, 5, 2020, 20);
INSERT INTO book_store.employee_schedule (employee_schedule_id, employee_id, month_id, year_id, hours_count) VALUES (45, 9, 5, 2020, 38);
INSERT INTO book_store.employee_schedule (employee_schedule_id, employee_id, month_id, year_id, hours_count) VALUES (46, 1, 6, 2020, 39);
INSERT INTO book_store.employee_schedule (employee_schedule_id, employee_id, month_id, year_id, hours_count) VALUES (47, 2, 6, 2020, 26);
INSERT INTO book_store.employee_schedule (employee_schedule_id, employee_id, month_id, year_id, hours_count) VALUES (48, 3, 6, 2020, 20);
INSERT INTO book_store.employee_schedule (employee_schedule_id, employee_id, month_id, year_id, hours_count) VALUES (49, 4, 6, 2020, 37);
INSERT INTO book_store.employee_schedule (employee_schedule_id, employee_id, month_id, year_id, hours_count) VALUES (50, 5, 6, 2020, 36);
INSERT INTO book_store.employee_schedule (employee_schedule_id, employee_id, month_id, year_id, hours_count) VALUES (51, 6, 6, 2020, 37);
INSERT INTO book_store.employee_schedule (employee_schedule_id, employee_id, month_id, year_id, hours_count) VALUES (52, 7, 6, 2020, 35);
INSERT INTO book_store.employee_schedule (employee_schedule_id, employee_id, month_id, year_id, hours_count) VALUES (53, 8, 6, 2020, 21);
INSERT INTO book_store.employee_schedule (employee_schedule_id, employee_id, month_id, year_id, hours_count) VALUES (54, 9, 6, 2020, 15);
INSERT INTO book_store.expenses (expenses_id, expenses_type_id, month_id, year_id, amount) VALUES (1, 1, 1, 2020, 200);
INSERT INTO book_store.expenses (expenses_id, expenses_type_id, month_id, year_id, amount) VALUES (2, 2, 1, 2020, 100);
INSERT INTO book_store.expenses (expenses_id, expenses_type_id, month_id, year_id, amount) VALUES (3, 3, 1, 2020, 300);
INSERT INTO book_store.expenses (expenses_id, expenses_type_id, month_id, year_id, amount) VALUES (4, 4, 1, 2020, 200);
INSERT INTO book_store.expenses (expenses_id, expenses_type_id, month_id, year_id, amount) VALUES (5, 5, 1, 2020, 111);
INSERT INTO book_store.expenses (expenses_id, expenses_type_id, month_id, year_id, amount) VALUES (6, 6, 1, 2020, 100);
INSERT INTO book_store.expenses (expenses_id, expenses_type_id, month_id, year_id, amount) VALUES (7, 7, 1, 2020, 900);
INSERT INTO book_store.expenses (expenses_id, expenses_type_id, month_id, year_id, amount) VALUES (8, 8, 1, 2020, 200);
INSERT INTO book_store.expenses (expenses_id, expenses_type_id, month_id, year_id, amount) VALUES (9, 9, 1, 2020, 150);
INSERT INTO book_store.expenses (expenses_id, expenses_type_id, month_id, year_id, amount) VALUES (10, 1, 2, 2020, 200);
INSERT INTO book_store.expenses (expenses_id, expenses_type_id, month_id, year_id, amount) VALUES (11, 2, 2, 2020, 100);
INSERT INTO book_store.expenses (expenses_id, expenses_type_id, month_id, year_id, amount) VALUES (12, 3, 2, 2020, 300);
INSERT INTO book_store.expenses (expenses_id, expenses_type_id, month_id, year_id, amount) VALUES (13, 4, 2, 2020, 200);
INSERT INTO book_store.expenses (expenses_id, expenses_type_id, month_id, year_id, amount) VALUES (14, 5, 2, 2020, 111);
INSERT INTO book_store.expenses (expenses_id, expenses_type_id, month_id, year_id, amount) VALUES (15, 6, 2, 2020, 100);
INSERT INTO book_store.expenses (expenses_id, expenses_type_id, month_id, year_id, amount) VALUES (16, 7, 2, 2020, 900);
INSERT INTO book_store.expenses (expenses_id, expenses_type_id, month_id, year_id, amount) VALUES (17, 8, 2, 2020, 200);
INSERT INTO book_store.expenses (expenses_id, expenses_type_id, month_id, year_id, amount) VALUES (18, 9, 2, 2020, 150);
INSERT INTO book_store.expenses (expenses_id, expenses_type_id, month_id, year_id, amount) VALUES (19, 1, 3, 2020, 200);
INSERT INTO book_store.expenses (expenses_id, expenses_type_id, month_id, year_id, amount) VALUES (20, 2, 3, 2020, 100);
INSERT INTO book_store.expenses (expenses_id, expenses_type_id, month_id, year_id, amount) VALUES (21, 3, 3, 2020, 300);
INSERT INTO book_store.expenses (expenses_id, expenses_type_id, month_id, year_id, amount) VALUES (22, 4, 3, 2020, 200);
INSERT INTO book_store.expenses (expenses_id, expenses_type_id, month_id, year_id, amount) VALUES (23, 5, 3, 2020, 111);
INSERT INTO book_store.expenses (expenses_id, expenses_type_id, month_id, year_id, amount) VALUES (24, 6, 3, 2020, 100);
INSERT INTO book_store.expenses (expenses_id, expenses_type_id, month_id, year_id, amount) VALUES (25, 7, 3, 2020, 900);
INSERT INTO book_store.expenses (expenses_id, expenses_type_id, month_id, year_id, amount) VALUES (26, 8, 3, 2020, 200);
INSERT INTO book_store.expenses (expenses_id, expenses_type_id, month_id, year_id, amount) VALUES (27, 9, 3, 2020, 150);
INSERT INTO book_store.expenses (expenses_id, expenses_type_id, month_id, year_id, amount) VALUES (28, 1, 4, 2020, 200);
INSERT INTO book_store.expenses (expenses_id, expenses_type_id, month_id, year_id, amount) VALUES (29, 2, 4, 2020, 100);
INSERT INTO book_store.expenses (expenses_id, expenses_type_id, month_id, year_id, amount) VALUES (30, 3, 4, 2020, 300);
INSERT INTO book_store.expenses (expenses_id, expenses_type_id, month_id, year_id, amount) VALUES (31, 4, 4, 2020, 200);
INSERT INTO book_store.expenses (expenses_id, expenses_type_id, month_id, year_id, amount) VALUES (32, 5, 4, 2020, 111);
INSERT INTO book_store.expenses (expenses_id, expenses_type_id, month_id, year_id, amount) VALUES (33, 6, 4, 2020, 100);
INSERT INTO book_store.expenses (expenses_id, expenses_type_id, month_id, year_id, amount) VALUES (34, 7, 4, 2020, 900);
INSERT INTO book_store.expenses (expenses_id, expenses_type_id, month_id, year_id, amount) VALUES (35, 8, 4, 2020, 200);
INSERT INTO book_store.expenses (expenses_id, expenses_type_id, month_id, year_id, amount) VALUES (36, 9, 4, 2020, 150);
INSERT INTO book_store.expenses (expenses_id, expenses_type_id, month_id, year_id, amount) VALUES (37, 1, 5, 2020, 200);
INSERT INTO book_store.expenses (expenses_id, expenses_type_id, month_id, year_id, amount) VALUES (38, 2, 5, 2020, 100);
INSERT INTO book_store.expenses (expenses_id, expenses_type_id, month_id, year_id, amount) VALUES (39, 3, 5, 2020, 300);
INSERT INTO book_store.expenses (expenses_id, expenses_type_id, month_id, year_id, amount) VALUES (40, 4, 5, 2020, 200);
INSERT INTO book_store.expenses (expenses_id, expenses_type_id, month_id, year_id, amount) VALUES (41, 5, 5, 2020, 111);
INSERT INTO book_store.expenses (expenses_id, expenses_type_id, month_id, year_id, amount) VALUES (42, 6, 5, 2020, 100);
INSERT INTO book_store.expenses (expenses_id, expenses_type_id, month_id, year_id, amount) VALUES (43, 7, 5, 2020, 900);
INSERT INTO book_store.expenses (expenses_id, expenses_type_id, month_id, year_id, amount) VALUES (44, 8, 5, 2020, 200);
INSERT INTO book_store.expenses (expenses_id, expenses_type_id, month_id, year_id, amount) VALUES (45, 9, 5, 2020, 150);
INSERT INTO book_store.expenses (expenses_id, expenses_type_id, month_id, year_id, amount) VALUES (46, 1, 6, 2020, 200);
INSERT INTO book_store.expenses (expenses_id, expenses_type_id, month_id, year_id, amount) VALUES (47, 2, 6, 2020, 100);
INSERT INTO book_store.expenses (expenses_id, expenses_type_id, month_id, year_id, amount) VALUES (48, 3, 6, 2020, 300);
INSERT INTO book_store.expenses (expenses_id, expenses_type_id, month_id, year_id, amount) VALUES (49, 4, 6, 2020, 200);
INSERT INTO book_store.expenses (expenses_id, expenses_type_id, month_id, year_id, amount) VALUES (50, 5, 6, 2020, 111);
INSERT INTO book_store.expenses (expenses_id, expenses_type_id, month_id, year_id, amount) VALUES (51, 6, 6, 2020, 100);
INSERT INTO book_store.expenses (expenses_id, expenses_type_id, month_id, year_id, amount) VALUES (52, 7, 6, 2020, 900);
INSERT INTO book_store.expenses (expenses_id, expenses_type_id, month_id, year_id, amount) VALUES (53, 8, 6, 2020, 200);
INSERT INTO book_store.expenses (expenses_id, expenses_type_id, month_id, year_id, amount) VALUES (54, 9, 6, 2020, 150);
INSERT INTO book_store.expenses_type (expenses_type_id, type_name) VALUES (2, 'Arnona');
INSERT INTO book_store.expenses_type (expenses_type_id, type_name) VALUES (7, 'Delivery');
INSERT INTO book_store.expenses_type (expenses_type_id, type_name) VALUES (4, 'Electricity');
INSERT INTO book_store.expenses_type (expenses_type_id, type_name) VALUES (6, 'Mobile');
INSERT INTO book_store.expenses_type (expenses_type_id, type_name) VALUES (9, 'Other');
INSERT INTO book_store.expenses_type (expenses_type_id, type_name) VALUES (5, 'Phone');
INSERT INTO book_store.expenses_type (expenses_type_id, type_name) VALUES (1, 'Rental');
INSERT INTO book_store.expenses_type (expenses_type_id, type_name) VALUES (8, 'Salary');
INSERT INTO book_store.expenses_type (expenses_type_id, type_name) VALUES (3, 'Water');
INSERT INTO book_store.oorder (order_id, client_id, book_id, created_date) VALUES (1, 1, 1, '1994-01-28');
INSERT INTO book_store.oorder (order_id, client_id, book_id, created_date) VALUES (2, 2, 2, '2018-03-24');
INSERT INTO book_store.oorder (order_id, client_id, book_id, created_date) VALUES (3, 3, 3, '2006-03-14');
INSERT INTO book_store.oorder (order_id, client_id, book_id, created_date) VALUES (4, 4, 4, '2010-06-27');
INSERT INTO book_store.oorder (order_id, client_id, book_id, created_date) VALUES (5, 5, 5, '2013-04-07');
INSERT INTO book_store.oorder (order_id, client_id, book_id, created_date) VALUES (6, 6, 6, '2014-04-16');
INSERT INTO book_store.oorder (order_id, client_id, book_id, created_date) VALUES (7, 7, 7, '2011-01-27');
INSERT INTO book_store.oorder (order_id, client_id, book_id, created_date) VALUES (8, 8, 8, '2019-04-19');
INSERT INTO book_store.oorder (order_id, client_id, book_id, created_date) VALUES (9, 9, 9, '2015-04-26');
INSERT INTO book_store.oorder (order_id, client_id, book_id, created_date) VALUES (10, 1, 2, '1998-02-09');
INSERT INTO book_store.oorder (order_id, client_id, book_id, created_date) VALUES (11, 1, 3, '2006-02-26');
INSERT INTO book_store.oorder (order_id, client_id, book_id, created_date) VALUES (12, 1, 4, '2015-11-14');
INSERT INTO book_store.oorder (order_id, client_id, book_id, created_date) VALUES (13, 1, 5, '2012-12-03');
INSERT INTO book_store.oorder (order_id, client_id, book_id, created_date) VALUES (14, 1, 6, '1996-06-08');
INSERT INTO book_store.oorder (order_id, client_id, book_id, created_date) VALUES (15, 1, 7, '2004-12-17');
INSERT INTO book_store.oorder (order_id, client_id, book_id, created_date) VALUES (16, 1, 8, '2014-12-06');
INSERT INTO book_store.oorder (order_id, client_id, book_id, created_date) VALUES (17, 1, 9, '2011-10-23');
INSERT INTO book_store.payment_type (payment_type_id, payment_name) VALUES (1, 'Bit');
INSERT INTO book_store.payment_type (payment_type_id, payment_name) VALUES (3, 'Credit card');
INSERT INTO book_store.payment_type (payment_type_id, payment_name) VALUES (2, 'Transfer');
INSERT INTO book_store.purchase (purchase_id, book_copy_id, created_date) VALUES (1, 1, '1997-04-05');
INSERT INTO book_store.purchase (purchase_id, book_copy_id, created_date) VALUES (2, 2, '2010-01-04');
INSERT INTO book_store.purchase (purchase_id, book_copy_id, created_date) VALUES (3, 3, '2010-04-23');
INSERT INTO book_store.purchase (purchase_id, book_copy_id, created_date) VALUES (4, 4, '2000-12-10');
INSERT INTO book_store.purchase (purchase_id, book_copy_id, created_date) VALUES (5, 5, '2007-12-18');
INSERT INTO book_store.purchase (purchase_id, book_copy_id, created_date) VALUES (6, 6, '2016-05-27');
INSERT INTO book_store.purchase (purchase_id, book_copy_id, created_date) VALUES (7, 7, '2010-03-08');
INSERT INTO book_store.purchase (purchase_id, book_copy_id, created_date) VALUES (8, 8, '2008-06-30');
INSERT INTO book_store.purchase (purchase_id, book_copy_id, created_date) VALUES (9, 9, '2018-09-29');
INSERT INTO book_store.purchase (purchase_id, book_copy_id, created_date) VALUES (10, 10, '2020-04-08');
INSERT INTO book_store.purchase (purchase_id, book_copy_id, created_date) VALUES (11, 11, '1997-02-27');
INSERT INTO book_store.purchase (purchase_id, book_copy_id, created_date) VALUES (12, 12, '2013-12-05');
INSERT INTO book_store.purchase (purchase_id, book_copy_id, created_date) VALUES (13, 13, '2002-10-29');
INSERT INTO book_store.purchase (purchase_id, book_copy_id, created_date) VALUES (14, 14, '2006-07-13');
INSERT INTO book_store.purchase (purchase_id, book_copy_id, created_date) VALUES (15, 15, '2003-08-05');
INSERT INTO book_store.sale (sale_id, payment_type_id, client_id, employee_id, created_date) VALUES (1, 1, 1, 4, '2020-07-29');
INSERT INTO book_store.sale (sale_id, payment_type_id, client_id, employee_id, created_date) VALUES (2, 2, 2, 6, '2020-07-29');
INSERT INTO book_store.sale (sale_id, payment_type_id, client_id, employee_id, created_date) VALUES (3, 3, 3, 2, '2020-07-29');
INSERT INTO book_store.sale (sale_id, payment_type_id, client_id, employee_id, created_date) VALUES (4, 1, 4, 9, '2020-07-29');
INSERT INTO book_store.sale (sale_id, payment_type_id, client_id, employee_id, created_date) VALUES (5, 2, 5, 3, '2020-07-29');
INSERT INTO book_store.sale (sale_id, payment_type_id, client_id, employee_id, created_date) VALUES (6, 3, 6, 4, '2020-07-29');
INSERT INTO book_store.sale (sale_id, payment_type_id, client_id, employee_id, created_date) VALUES (7, 1, 7, 5, '2002-10-30');
INSERT INTO book_store.sale (sale_id, payment_type_id, client_id, employee_id, created_date) VALUES (8, 2, 8, 6, '2020-07-29');
INSERT INTO book_store.sale (sale_id, payment_type_id, client_id, employee_id, created_date) VALUES (9, 1, 9, 7, '2015-11-26');
INSERT INTO book_store.sale (sale_id, payment_type_id, client_id, employee_id, created_date) VALUES (10, 2, 1, 8, '1993-08-16');
INSERT INTO book_store.sale (sale_id, payment_type_id, client_id, employee_id, created_date) VALUES (11, 2, 2, 1, '2020-07-29');
INSERT INTO book_store.sale (sale_id, payment_type_id, client_id, employee_id, created_date) VALUES (12, 2, 9, 9, '2017-12-11');
INSERT INTO book_store.sale (sale_id, payment_type_id, client_id, employee_id, created_date) VALUES (13, 1, 8, 7, '2020-07-29');
INSERT INTO book_store.storage (storage_id, storage_name) VALUES (1, 'Store');
INSERT INTO book_store.storage (storage_id, storage_name) VALUES (2, 'Warehouse');
INSERT INTO book_store.translator (translator_id, first_name, last_name) VALUES (1, 'Charles', 'Perez');
INSERT INTO book_store.translator (translator_id, first_name, last_name) VALUES (2, 'John', 'Perez');
INSERT INTO book_store.translator (translator_id, first_name, last_name) VALUES (3, 'Jose', 'Smith');
INSERT INTO book_store.translator (translator_id, first_name, last_name) VALUES (4, 'Fernando', 'Chilavert');
INSERT INTO book_store.translator (translator_id, first_name, last_name) VALUES (5, 'Emilio', 'Cavenaghi');
INSERT INTO book_store.translator (translator_id, first_name, last_name) VALUES (6, 'Pepe', 'Diaz');
INSERT INTO book_store.translator (translator_id, first_name, last_name) VALUES (7, 'Mariano', 'Basualdo');
INSERT INTO book_store.translator (translator_id, first_name, last_name) VALUES (8, 'Diego', 'Closs');
INSERT INTO book_store.translator (translator_id, first_name, last_name) VALUES (9, 'Gonzalo', 'Latorre');
INSERT INTO book_store.translator (translator_id, first_name, last_name) VALUES (10, 'Chicho', 'Bonadeo');
INSERT INTO book_store.translator (translator_id, first_name, last_name) VALUES (11, 'Pepo', 'Paoloski');